Zach;2024-04-13;19:30;Monday;2024-04-01
Zach;2024-04-13;20:00;Monday;2024-04-01
Zach;2024-04-13;20:30;Monday;2024-04-01
Zach;2024-04-13;21:00;Monday;2024-04-01
Zach;2024-04-13;21:30;Monday;2024-04-01
Zach;2024-04-13;22:00;Monday;2024-04-01
Zach;2024-04-13;22:30;Monday;2024-04-01
Zach;2024-04-13;17:00;Monday;2024-04-01
Chef Ronald;2024-04-13;17:00;Monday;2024-04-01
Chef Ronald;2024-04-13;17:30;Monday;2024-04-01
Chef Ronald;2024-04-13;18:00;Monday;2024-04-01
Chef Ronald;2024-04-13;18:30;Monday;2024-04-01
Chef Ronald;2024-04-13;19:00;Monday;2024-04-01
Chef Ronald;2024-04-13;19:30;Monday;2024-04-01
Chef Ronald;2024-04-13;20:00;Monday;2024-04-01
Chef Ronald;2024-04-13;20:30;Monday;2024-04-01
Chef Ronald;2024-04-13;21:00;Monday;2024-04-01
Chef Ronald;2024-04-13;21:30;Monday;2024-04-01
Chef Ronald;2024-04-13;22:00;Monday;2024-04-01
Chef Ronald;2024-04-13;22:30;Monday;2024-04-01
Manager Ridwan;2024-04-13;17:00;Monday;2024-04-01
Manager Ridwan;2024-04-13;17:30;Monday;2024-04-01
Manager Ridwan;2024-04-13;18:00;Monday;2024-04-01
Manager Ridwan;2024-04-13;18:30;Monday;2024-04-01
Manager Ridwan;2024-04-13;19:00;Monday;2024-04-01
Manager Ridwan;2024-04-13;19:30;Monday;2024-04-01
Manager Ridwan;2024-04-13;20:00;Monday;2024-04-01
Manager Ridwan;2024-04-13;20:30;Monday;2024-04-01
Manager Ridwan;2024-04-13;21:00;Monday;2024-04-01
Manager Ridwan;2024-04-13;21:30;Monday;2024-04-01
Manager Ridwan;2024-04-13;22:00;Monday;2024-04-01
Manager Ridwan;2024-04-13;22:30;Monday;2024-04-01
Artem;2024-04-13;17:30;Monday;2024-04-01
Artem;2024-04-13;18:00;Monday;2024-04-01
Artem;2024-04-13;18:30;Monday;2024-04-01
Artem;2024-04-13;19:00;Monday;2024-04-01
